-- --------------------------------------------------------
-- 主机:                           127.0.0.1
-- 服务器版本:                        5.7.23-log - MySQL Community Server (GPL)
-- 服务器操作系统:                      Win64
-- HeidiSQL 版本:                  10.3.0.5771
-- --------------------------------------------------------

/*!40101 SET @OLD_CHARACTER_SET_CLIENT=@@CHARACTER_SET_CLIENT */;
/*!40101 SET NAMES utf8 */;
/*!50503 SET NAMES utf8mb4 */;
/*!40014 SET @OLD_FOREIGN_KEY_CHECKS=@@FOREIGN_KEY_CHECKS, FOREIGN_KEY_CHECKS=0 */;
/*!40101 SET @OLD_SQL_MODE=@@SQL_MODE, SQL_MODE='NO_AUTO_VALUE_ON_ZERO' */;

-- 导出  表 red.red_detail 结构
CREATE TABLE IF NOT EXISTS `red_detail` (
  `id` int(11) NOT NULL AUTO_INCREMENT,
  `record_id` int(11) NOT NULL COMMENT '红包记录id',
  `amount` decimal(8,2) DEFAULT NULL COMMENT '金额（单位为分）',
  `is_active` tinyint(4) DEFAULT '1',
  `create_time` datetime DEFAULT NULL,
  PRIMARY KEY (`id`)
) ENGINE=InnoDB AUTO_INCREMENT=293 DEFAULT CHARSET=utf8 COMMENT='红包明细金额';

-- 正在导出表  red.red_detail 的数据：~200 rows (大约)
/*!40000 ALTER TABLE `red_detail` DISABLE KEYS */;
INSERT INTO `red_detail` (`id`, `record_id`, `amount`, `is_active`, `create_time`) VALUES
	(93, 12, 34.00, 1, '2019-03-23 20:41:22'),
	(94, 12, 61.00, 1, '2019-03-23 20:41:22'),
	(95, 12, 106.00, 1, '2019-03-23 20:41:22'),
	(96, 12, 28.00, 1, '2019-03-23 20:41:22'),
	(97, 12, 15.00, 1, '2019-03-23 20:41:22'),
	(98, 12, 214.00, 1, '2019-03-23 20:41:22'),
	(99, 12, 34.00, 1, '2019-03-23 20:41:22'),
	(100, 12, 237.00, 1, '2019-03-23 20:41:22'),
	(101, 12, 91.00, 1, '2019-03-23 20:41:22'),
	(102, 12, 180.00, 1, '2019-03-23 20:41:22'),
	(103, 13, 95.00, 1, NULL),
	(104, 13, 37.00, 1, NULL),
	(105, 13, 25.00, 1, NULL),
	(106, 13, 10.00, 1, NULL),
	(107, 13, 43.00, 1, NULL),
	(108, 13, 22.00, 1, NULL),
	(109, 13, 12.00, 1, NULL),
	(110, 13, 150.00, 1, NULL),
	(111, 13, 38.00, 1, NULL),
	(112, 13, 68.00, 1, NULL),
	(113, 14, 161.00, 1, NULL),
	(114, 14, 65.00, 1, NULL),
	(115, 14, 54.00, 1, NULL),
	(116, 14, 130.00, 1, NULL),
	(117, 14, 16.00, 1, NULL),
	(118, 14, 44.00, 1, NULL),
	(119, 14, 16.00, 1, NULL),
	(120, 14, 220.00, 1, NULL),
	(121, 14, 48.00, 1, NULL),
	(122, 14, 246.00, 1, NULL),
	(123, 15, 14.00, 1, NULL),
	(124, 15, 149.00, 1, NULL),
	(125, 15, 204.00, 1, NULL),
	(126, 15, 139.00, 1, NULL),
	(127, 15, 79.00, 1, NULL),
	(128, 15, 38.00, 1, NULL),
	(129, 15, 133.00, 1, NULL),
	(130, 15, 85.00, 1, NULL),
	(131, 15, 53.00, 1, NULL),
	(132, 15, 106.00, 1, NULL),
	(133, 19, 81.00, 1, '2020-03-11 16:38:20'),
	(134, 19, 25.00, 1, '2020-03-11 16:38:24'),
	(135, 19, 181.00, 1, '2020-03-11 16:38:24'),
	(136, 19, 20.00, 1, '2020-03-11 16:38:24'),
	(137, 19, 176.00, 1, '2020-03-11 16:38:24'),
	(138, 19, 6.00, 1, '2020-03-11 16:38:24'),
	(139, 19, 32.00, 1, '2020-03-11 16:38:24'),
	(140, 19, 124.00, 1, '2020-03-11 16:38:24'),
	(141, 19, 331.00, 1, '2020-03-11 16:38:24'),
	(142, 19, 24.00, 1, '2020-03-11 16:38:24'),
	(143, 20, 60.00, 1, '2020-03-12 06:24:43'),
	(144, 20, 91.00, 1, '2020-03-12 06:24:43'),
	(145, 20, 2.00, 1, '2020-03-12 06:24:43'),
	(146, 20, 189.00, 1, '2020-03-12 06:24:43'),
	(147, 20, 163.00, 1, '2020-03-12 06:24:43'),
	(148, 20, 24.00, 1, '2020-03-12 06:24:43'),
	(149, 20, 50.00, 1, '2020-03-12 06:24:43'),
	(150, 20, 81.00, 1, '2020-03-12 06:24:43'),
	(151, 20, 15.00, 1, '2020-03-12 06:24:43'),
	(152, 20, 325.00, 1, '2020-03-12 06:24:43'),
	(153, 21, 162.00, 1, '2020-03-12 06:25:34'),
	(154, 21, 103.00, 1, '2020-03-12 06:25:34'),
	(155, 21, 80.00, 1, '2020-03-12 06:25:34'),
	(156, 21, 21.00, 1, '2020-03-12 06:25:34'),
	(157, 21, 86.00, 1, '2020-03-12 06:25:34'),
	(158, 21, 29.00, 1, '2020-03-12 06:25:34'),
	(159, 21, 193.00, 1, '2020-03-12 06:25:34'),
	(160, 21, 212.00, 1, '2020-03-12 06:25:34'),
	(161, 21, 50.00, 1, '2020-03-12 06:25:34'),
	(162, 21, 64.00, 1, '2020-03-12 06:25:34'),
	(163, 22, 101.00, 1, '2020-03-12 06:30:50'),
	(164, 22, 58.00, 1, '2020-03-12 06:30:50'),
	(165, 22, 180.00, 1, '2020-03-12 06:30:50'),
	(166, 22, 160.00, 1, '2020-03-12 06:30:50'),
	(167, 22, 153.00, 1, '2020-03-12 06:30:50'),
	(168, 22, 54.00, 1, '2020-03-12 06:30:50'),
	(169, 22, 35.00, 1, '2020-03-12 06:30:50'),
	(170, 22, 10.00, 1, '2020-03-12 06:30:50'),
	(171, 22, 95.00, 1, '2020-03-12 06:30:50'),
	(172, 22, 154.00, 1, '2020-03-12 06:30:50'),
	(173, 23, 192.00, 1, '2020-03-12 06:34:53'),
	(174, 23, 78.00, 1, '2020-03-12 06:34:53'),
	(175, 23, 49.00, 1, '2020-03-12 06:34:53'),
	(176, 23, 17.00, 1, '2020-03-12 06:34:53'),
	(177, 23, 135.00, 1, '2020-03-12 06:34:53'),
	(178, 23, 18.00, 1, '2020-03-12 06:34:53'),
	(179, 23, 100.00, 1, '2020-03-12 06:34:53'),
	(180, 23, 137.00, 1, '2020-03-12 06:34:53'),
	(181, 23, 19.00, 1, '2020-03-12 06:34:53'),
	(182, 23, 255.00, 1, '2020-03-12 06:34:53'),
	(183, 24, 21.00, 1, '2020-03-12 06:38:35'),
	(184, 24, 197.00, 1, '2020-03-12 06:38:35'),
	(185, 24, 141.00, 1, '2020-03-12 06:38:35'),
	(186, 24, 171.00, 1, '2020-03-12 06:38:35'),
	(187, 24, 94.00, 1, '2020-03-12 06:38:35'),
	(188, 24, 14.00, 1, '2020-03-12 06:38:35'),
	(189, 24, 20.00, 1, '2020-03-12 06:38:35'),
	(190, 24, 117.00, 1, '2020-03-12 06:38:35'),
	(191, 24, 80.00, 1, '2020-03-12 06:38:35'),
	(192, 24, 145.00, 1, '2020-03-12 06:38:35'),
	(193, 25, 158.00, 1, '2020-03-12 16:26:05'),
	(194, 25, 124.00, 1, '2020-03-12 16:26:05'),
	(195, 25, 128.00, 1, '2020-03-12 16:26:05'),
	(196, 25, 119.00, 1, '2020-03-12 16:26:05'),
	(197, 25, 27.00, 1, '2020-03-12 16:26:05'),
	(198, 25, 153.00, 1, '2020-03-12 16:26:05'),
	(199, 25, 48.00, 1, '2020-03-12 16:26:05'),
	(200, 25, 39.00, 1, '2020-03-12 16:26:05'),
	(201, 25, 9.00, 1, '2020-03-12 16:26:05'),
	(202, 25, 195.00, 1, '2020-03-12 16:26:05'),
	(203, 26, 74.00, 1, '2020-03-12 16:45:38'),
	(204, 26, 189.00, 1, '2020-03-12 16:45:38'),
	(205, 26, 89.00, 1, '2020-03-12 16:45:38'),
	(206, 26, 136.00, 1, '2020-03-12 16:45:38'),
	(207, 26, 77.00, 1, '2020-03-12 16:45:38'),
	(208, 26, 139.00, 1, '2020-03-12 16:45:38'),
	(209, 26, 59.00, 1, '2020-03-12 16:45:38'),
	(210, 26, 56.00, 1, '2020-03-12 16:45:38'),
	(211, 26, 29.00, 1, '2020-03-12 16:45:38'),
	(212, 26, 152.00, 1, '2020-03-12 16:45:38'),
	(213, 27, 175.00, 1, '2020-03-12 16:56:19'),
	(214, 27, 66.00, 1, '2020-03-12 16:56:19'),
	(215, 27, 133.00, 1, '2020-03-12 16:56:19'),
	(216, 27, 118.00, 1, '2020-03-12 16:56:19'),
	(217, 27, 93.00, 1, '2020-03-12 16:56:19'),
	(218, 27, 148.00, 1, '2020-03-12 16:56:19'),
	(219, 27, 84.00, 1, '2020-03-12 16:56:19'),
	(220, 27, 7.00, 1, '2020-03-12 16:56:19'),
	(221, 27, 138.00, 1, '2020-03-12 16:56:19'),
	(222, 27, 38.00, 1, '2020-03-12 16:56:19'),
	(223, 28, 73.00, 1, '2020-03-12 17:05:56'),
	(224, 28, 154.00, 1, '2020-03-12 17:05:56'),
	(225, 28, 13.00, 1, '2020-03-12 17:05:56'),
	(226, 28, 66.00, 1, '2020-03-12 17:05:56'),
	(227, 28, 171.00, 1, '2020-03-12 17:05:56'),
	(228, 28, 80.00, 1, '2020-03-12 17:05:56'),
	(229, 28, 95.00, 1, '2020-03-12 17:05:56'),
	(230, 28, 201.00, 1, '2020-03-12 17:05:56'),
	(231, 28, 29.00, 1, '2020-03-12 17:05:56'),
	(232, 28, 118.00, 1, '2020-03-12 17:05:56'),
	(233, 29, 127.00, 1, '2020-03-12 17:08:59'),
	(234, 29, 92.00, 1, '2020-03-12 17:08:59'),
	(235, 29, 159.00, 1, '2020-03-12 17:08:59'),
	(236, 29, 75.00, 1, '2020-03-12 17:08:59'),
	(237, 29, 81.00, 1, '2020-03-12 17:08:59'),
	(238, 29, 45.00, 1, '2020-03-12 17:08:59'),
	(239, 29, 148.00, 1, '2020-03-12 17:08:59'),
	(240, 29, 4.00, 1, '2020-03-12 17:08:59'),
	(241, 29, 267.00, 1, '2020-03-12 17:08:59'),
	(242, 29, 2.00, 1, '2020-03-12 17:08:59'),
	(243, 30, 65.00, 1, '2020-03-12 17:13:03'),
	(244, 30, 139.00, 1, '2020-03-12 17:13:03'),
	(245, 30, 23.00, 1, '2020-03-12 17:13:03'),
	(246, 30, 37.00, 1, '2020-03-12 17:13:03'),
	(247, 30, 76.00, 1, '2020-03-12 17:13:03'),
	(248, 30, 185.00, 1, '2020-03-12 17:13:03'),
	(249, 30, 131.00, 1, '2020-03-12 17:13:03'),
	(250, 30, 185.00, 1, '2020-03-12 17:13:03'),
	(251, 30, 5.00, 1, '2020-03-12 17:13:03'),
	(252, 30, 154.00, 1, '2020-03-12 17:13:03'),
	(253, 31, 187.00, 1, '2020-03-12 17:13:51'),
	(254, 31, 15.00, 1, '2020-03-12 17:13:51'),
	(255, 31, 29.00, 1, '2020-03-12 17:13:51'),
	(256, 31, 76.00, 1, '2020-03-12 17:13:51'),
	(257, 31, 9.00, 1, '2020-03-12 17:13:51'),
	(258, 31, 88.00, 1, '2020-03-12 17:13:51'),
	(259, 31, 166.00, 1, '2020-03-12 17:13:51'),
	(260, 31, 41.00, 1, '2020-03-12 17:13:51'),
	(261, 31, 309.00, 1, '2020-03-12 17:13:51'),
	(262, 31, 80.00, 1, '2020-03-12 17:13:51'),
	(263, 32, 140.00, 1, '2020-03-12 17:14:53'),
	(264, 32, 19.00, 1, '2020-03-12 17:14:53'),
	(265, 32, 122.00, 1, '2020-03-12 17:14:53'),
	(266, 32, 12.00, 1, '2020-03-12 17:14:53'),
	(267, 32, 182.00, 1, '2020-03-12 17:14:53'),
	(268, 32, 84.00, 1, '2020-03-12 17:14:53'),
	(269, 32, 102.00, 1, '2020-03-12 17:14:53'),
	(270, 32, 38.00, 1, '2020-03-12 17:14:53'),
	(271, 32, 140.00, 1, '2020-03-12 17:14:53'),
	(272, 32, 161.00, 1, '2020-03-12 17:14:53'),
	(273, 33, 64.00, 1, '2020-03-12 18:29:29'),
	(274, 33, 17.00, 1, '2020-03-12 18:29:29'),
	(275, 33, 69.00, 1, '2020-03-12 18:29:29'),
	(276, 33, 94.00, 1, '2020-03-12 18:29:29'),
	(277, 33, 27.00, 1, '2020-03-12 18:29:29'),
	(278, 33, 33.00, 1, '2020-03-12 18:29:29'),
	(279, 33, 19.00, 1, '2020-03-12 18:29:29'),
	(280, 33, 74.00, 1, '2020-03-12 18:29:29'),
	(281, 33, 19.00, 1, '2020-03-12 18:29:29'),
	(282, 33, 84.00, 1, '2020-03-12 18:29:29'),
	(283, 34, 98.00, 1, '2020-03-13 06:52:59'),
	(284, 34, 74.00, 1, '2020-03-13 06:52:59'),
	(285, 34, 73.00, 1, '2020-03-13 06:52:59'),
	(286, 34, 4.00, 1, '2020-03-13 06:52:59'),
	(287, 34, 73.00, 1, '2020-03-13 06:52:59'),
	(288, 34, 60.00, 1, '2020-03-13 06:52:59'),
	(289, 34, 22.00, 1, '2020-03-13 06:52:59'),
	(290, 34, 62.00, 1, '2020-03-13 06:52:59'),
	(291, 34, 17.00, 1, '2020-03-13 06:52:59'),
	(292, 34, 17.00, 1, '2020-03-13 06:52:59');
/*!40000 ALTER TABLE `red_detail` ENABLE KEYS */;

-- 导出  表 red.red_record 结构
CREATE TABLE IF NOT EXISTS `red_record` (
  `id` int(11) NOT NULL AUTO_INCREMENT,
  `user_id` int(11) NOT NULL COMMENT '用户id',
  `red_packet` varchar(255) CHARACTER SET utf8mb4 NOT NULL COMMENT '红包全局唯一标识串',
  `total` int(11) NOT NULL COMMENT '人数',
  `amount` decimal(10,2) DEFAULT NULL COMMENT '总金额（单位为分）',
  `is_active` tinyint(4) DEFAULT '1',
  `create_time` datetime DEFAULT NULL,
  PRIMARY KEY (`id`)
) ENGINE=InnoDB AUTO_INCREMENT=35 DEFAULT CHARSET=utf8 COMMENT='发红包记录';

-- 正在导出表  red.red_record 的数据：~20 rows (大约)
/*!40000 ALTER TABLE `red_record` DISABLE KEYS */;
INSERT INTO `red_record` (`id`, `user_id`, `red_packet`, `total`, `amount`, `is_active`, `create_time`) VALUES
	(12, 10010, 'redis:red:packet:10010:177565921763957', 10, 1000.00, 1, '2019-03-23 20:41:16'),
	(13, 10030, 'redis:red:packet:10030:272246147091856', 10, 500.00, 1, NULL),
	(14, 10050, 'redis:red:packet:10050:356031000034967', 10, 1000.00, 1, NULL),
	(15, 10050, 'redis:red:packet:10050:356507939164216', 10, 1000.00, 1, NULL),
	(19, 10010, 'redis:red:packet::85739628100584', 10, 1000.00, 1, '2020-03-11 16:38:06'),
	(20, 10010, 'redis:red:packet::135338090209053', 10, 1000.00, 1, '2020-03-12 06:24:43'),
	(21, 10010, 'redis:red:packet::135389046648180', 10, 1000.00, 1, '2020-03-12 06:25:34'),
	(22, 10010, 'redis:red:packet::135704864427405', 10, 1000.00, 1, '2020-03-12 06:30:50'),
	(23, 10010, 'redis:red:packet:10010:135947676035723', 10, 1000.00, 1, '2020-03-12 06:34:53'),
	(24, 10010, 'redis:red:packet:10010:136170035266831', 10, 1000.00, 1, '2020-03-12 06:38:35'),
	(25, 10010, 'redis:red:packet:10010:171420241663872', 10, 1000.00, 1, '2020-03-12 16:26:04'),
	(26, 10010, 'redis:red:packet:10010:172557960044929', 10, 1000.00, 1, '2020-03-12 16:45:37'),
	(27, 10010, 'redis:red:packet:10010:173237783420916', 10, 1000.00, 1, '2020-03-12 16:56:19'),
	(28, 10010, 'redis:red:packet:10010:173816989784565', 10, 1000.00, 1, '2020-03-12 17:05:56'),
	(29, 10010, 'redis:red:packet:10010:173999633771084', 10, 1000.00, 1, '2020-03-12 17:08:59'),
	(30, 10010, 'redis:red:packet:10010:174180521061826', 10, 1000.00, 1, '2020-03-12 17:13:03'),
	(31, 10010, 'redis:red:packet:10010:174277493487063', 10, 1000.00, 1, '2020-03-12 17:13:51'),
	(32, 10010, 'redis:red:packet:10010:174331797480993', 10, 1000.00, 1, '2020-03-12 17:14:53'),
	(33, 10030, 'redis:red:packet:10030:178829094505870', 10, 500.00, 1, '2020-03-12 18:29:29'),
	(34, 10030, 'redis:red:packet:10030:223441452079469', 10, 500.00, 1, '2020-03-13 06:52:59');
/*!40000 ALTER TABLE `red_record` ENABLE KEYS */;

-- 导出  表 red.red_rob_record 结构
CREATE TABLE IF NOT EXISTS `red_rob_record` (
  `id` int(11) NOT NULL AUTO_INCREMENT,
  `user_id` int(11) DEFAULT NULL COMMENT '用户账号',
  `red_packet` varchar(255) CHARACTER SET utf8mb4 DEFAULT NULL COMMENT '红包标识串',
  `amount` decimal(8,2) DEFAULT NULL COMMENT '红包金额（单位为分）',
  `rob_time` datetime DEFAULT NULL COMMENT '时间',
  `is_active` tinyint(4) DEFAULT '1',
  PRIMARY KEY (`id`)
) ENGINE=InnoDB AUTO_INCREMENT=135 DEFAULT CHARSET=utf8 COMMENT='抢红包记录';

-- 正在导出表  red.red_rob_record 的数据：~53 rows (大约)
/*!40000 ALTER TABLE `red_rob_record` DISABLE KEYS */;
INSERT INTO `red_rob_record` (`id`, `user_id`, `red_packet`, `amount`, `rob_time`, `is_active`) VALUES
	(82, 10010, 'redis:red:packet:10010:177565921763957', 34.00, '2019-03-24 17:03:25', 1),
	(83, 10011, 'redis:red:packet:10010:177565921763957', 61.00, '2019-03-24 17:22:03', 1),
	(84, 10012, 'redis:red:packet:10010:177565921763957', 106.00, '2019-03-24 17:33:12', 1),
	(85, 10013, 'redis:red:packet:10010:177565921763957', 28.00, '2019-03-24 17:33:15', 1),
	(86, 10014, 'redis:red:packet:10010:177565921763957', 15.00, '2019-03-24 17:33:18', 1),
	(87, 10015, 'redis:red:packet:10010:177565921763957', 214.00, '2019-03-24 17:33:20', 1),
	(88, 10016, 'redis:red:packet:10010:177565921763957', 34.00, '2019-03-24 17:33:22', 1),
	(89, 10017, 'redis:red:packet:10010:177565921763957', 237.00, '2019-03-24 17:33:26', 1),
	(90, 10018, 'redis:red:packet:10010:177565921763957', 91.00, '2019-03-24 17:33:29', 1),
	(91, 10019, 'redis:red:packet:10010:177565921763957', 180.00, '2019-03-24 17:33:32', 1),
	(92, 10035, 'redis:red:packet:10030:272246147091856', 38.00, '2019-03-24 22:57:40', 1),
	(93, 10031, 'redis:red:packet:10030:272246147091856', 68.00, '2019-03-24 22:57:40', 1),
	(94, 10033, 'redis:red:packet:10030:272246147091856', 22.00, '2019-03-24 22:57:40', 1),
	(95, 10031, 'redis:red:packet:10030:272246147091856', 25.00, '2019-03-24 22:57:40', 1),
	(96, 10034, 'redis:red:packet:10030:272246147091856', 37.00, '2019-03-24 22:57:40', 1),
	(97, 10030, 'redis:red:packet:10030:272246147091856', 10.00, '2019-03-24 22:57:40', 1),
	(98, 10035, 'redis:red:packet:10030:272246147091856', 150.00, '2019-03-24 22:57:40', 1),
	(99, 10031, 'redis:red:packet:10030:272246147091856', 43.00, '2019-03-24 22:57:40', 1),
	(100, 10030, 'redis:red:packet:10030:272246147091856', 12.00, '2019-03-24 22:57:40', 1),
	(101, 10032, 'redis:red:packet:10030:272246147091856', 95.00, '2019-03-24 22:57:40', 1),
	(102, 10035, 'redis:red:packet:10050:356031000034967', 130.00, '2019-03-25 22:05:28', 1),
	(103, 10032, 'redis:red:packet:10050:356031000034967', 44.00, '2019-03-25 22:05:28', 1),
	(104, 10033, 'redis:red:packet:10050:356031000034967', 161.00, '2019-03-25 22:05:28', 1),
	(105, 10034, 'redis:red:packet:10050:356031000034967', 65.00, '2019-03-25 22:05:28', 1),
	(106, 10031, 'redis:red:packet:10050:356031000034967', 246.00, '2019-03-25 22:05:28', 1),
	(107, 10033, 'redis:red:packet:10050:356031000034967', 54.00, '2019-03-25 22:05:28', 1),
	(108, 10030, 'redis:red:packet:10050:356031000034967', 16.00, '2019-03-25 22:05:28', 1),
	(109, 10031, 'redis:red:packet:10050:356031000034967', 220.00, '2019-03-25 22:05:28', 1),
	(110, 10031, 'redis:red:packet:10050:356031000034967', 48.00, '2019-03-25 22:05:28', 1),
	(111, 10030, 'redis:red:packet:10050:356031000034967', 16.00, '2019-03-25 22:05:28', 1),
	(112, 10031, 'redis:red:packet:10050:356507939164216', 149.00, '2019-03-25 22:07:00', 1),
	(113, 10035, 'redis:red:packet:10050:356507939164216', 204.00, '2019-03-25 22:07:00', 1),
	(114, 10033, 'redis:red:packet:10050:356507939164216', 139.00, '2019-03-25 22:07:00', 1),
	(115, 10034, 'redis:red:packet:10050:356507939164216', 38.00, '2019-03-25 22:07:00', 1),
	(116, 10030, 'redis:red:packet:10050:356507939164216', 79.00, '2019-03-25 22:07:00', 1),
	(117, 10032, 'redis:red:packet:10050:356507939164216', 14.00, '2019-03-25 22:07:00', 1),
	(118, 10010, 'redis:red:packet:10010:174331797480993', NULL, '2020-03-12 17:23:40', 1),
	(119, 10034, 'redis:red:packet:10030:178829094505870', 69.00, '2020-03-12 18:36:14', 1),
	(120, 10031, 'redis:red:packet:10030:178829094505870', 74.00, '2020-03-12 18:36:14', 1),
	(121, 10031, 'redis:red:packet:10030:178829094505870', 84.00, '2020-03-12 18:36:14', 1),
	(122, 10034, 'redis:red:packet:10030:178829094505870', 27.00, '2020-03-12 18:36:14', 1),
	(123, 10032, 'redis:red:packet:10030:178829094505870', 19.00, '2020-03-12 18:36:14', 1),
	(124, 10031, 'redis:red:packet:10030:178829094505870', 19.00, '2020-03-12 18:36:14', 1),
	(125, 10033, 'redis:red:packet:10030:178829094505870', 17.00, '2020-03-12 18:36:14', 1),
	(126, 10030, 'redis:red:packet:10030:178829094505870', 33.00, '2020-03-12 18:36:14', 1),
	(127, 10035, 'redis:red:packet:10030:178829094505870', 64.00, '2020-03-12 18:36:14', 1),
	(128, 10031, 'redis:red:packet:10030:178829094505870', 94.00, '2020-03-12 18:36:14', 1),
	(129, 10034, 'redis:red:packet:10030:223441452079469', 73.00, '2020-03-13 06:53:41', 1),
	(130, 10032, 'redis:red:packet:10030:223441452079469', 74.00, '2020-03-13 06:53:41', 1),
	(131, 10033, 'redis:red:packet:10030:223441452079469', 4.00, '2020-03-13 06:53:41', 1),
	(132, 10035, 'redis:red:packet:10030:223441452079469', 73.00, '2020-03-13 06:53:41', 1),
	(133, 10030, 'redis:red:packet:10030:223441452079469', 98.00, '2020-03-13 06:53:41', 1),
	(134, 10031, 'redis:red:packet:10030:223441452079469', 60.00, '2020-03-13 06:53:41', 1);
/*!40000 ALTER TABLE `red_rob_record` ENABLE KEYS */;

/*!40101 SET SQL_MODE=IFNULL(@OLD_SQL_MODE, '') */;
/*!40014 SET FOREIGN_KEY_CHECKS=IF(@OLD_FOREIGN_KEY_CHECKS IS NULL, 1, @OLD_FOREIGN_KEY_CHECKS) */;
/*!40101 SET CHARACTER_SET_CLIENT=@OLD_CHARACTER_SET_CLIENT */;
